e1ff08a2-64de-4b25-a673-aefb6b18f254;sds;1;2023-10-18;62676267-3461-3038-2d35-6233642d3465;64693461-3038-2d35-6233-642d34653366
24cf592b-9272-453a-9c43-1cbdc7521641;sds;2;2023-10-18;62676267-3461-3038-2d35-6233642d3465;64693461-3038-2d35-6233-642d34653366
396edeae-d7f2-41ae-874e-91e0dd87a80b;sds;2;2023-10-18;62676267-3461-3038-2d35-6233642d3465;64693461-3038-2d35-6233-642d34653366
5cf0c4fe-4bb4-4e35-934b-35ce771e0ce4;sds;2;2023-10-18;62676267-3461-3038-2d35-6233642d3465;64693461-3038-2d35-6233-642d34653366
667cd5ee-9a02-4617-9fcd-7c1c5e5f7f98;sds;2;2023-10-18;62676267-3461-3038-2d35-6233642d3465;64693461-3038-2d35-6233-642d34653366
b3d78265-239a-42c9-aefb-9bcff76238cd;;2;2023-10-18;62676267-3461-3038-2d35-6233642d3465;64693461-3038-2d35-6233-642d34653366
c93cce62-093a-4a51-a825-3a4eab9fa757;;2;2023-10-18;62676267-3461-3038-2d35-6233642d3465;64693461-3038-2d35-6233-642d34653366
a8a4e39f-9d48-447f-978d-f5a14e547f70;sds;3;2023-10-18;62676267-3461-3038-2d35-6233642d3465;64693461-3038-2d35-6233-642d34653366
c938fd59-075c-48d0-b184-3d8320644530;sds;3;2023-10-18;62676267-3461-3038-2d35-6233642d3465;64693461-3038-2d35-6233-642d34653366
23dfc798-2ce8-43b8-9aad-9b6716532937;sds;3;2023-10-18;62676267-3461-3038-2d35-6233642d3465;64693461-3038-2d35-6233-642d34653366
32e4ff67-860d-4733-9401-5186a019c43a;sds;4;2023-10-18;62676267-3461-3038-2d35-6233642d3465;64693461-3038-2d35-6233-642d34653366
7569462c-2c4b-4c4b-ba7e-0489b1470488;sds;5;2023-10-18;62676267-3461-3038-2d35-6233642d3465;64693461-3038-2d35-6233-642d34653366
d264cd21-c8ee-45c0-a332-363393cda12d;fundsdsdsaaaaaaaaa;6;2023-10-18;62676267-3461-3038-2d35-6233642d3465;64693461-3038-2d35-6233-642d34653366
